<?xml version="1.0" encoding="UTF-8"?>
<project-private xmlns="http://www.netbeans.org/ns/project-private/1">
    <editor-bookmarks xmlns="http://www.netbeans.org/ns/editor-bookmarks/2" lastBookmarkId="0"/>
    <open-files xmlns="http://www.netbeans.org/ns/projectui-open-files/2">
        <group>
            <file>file:/C:/Users/LENOVO/MPLABXProjects/CAR_BLACK_BOX_PROJECT.X/timer0.c</file>
            <file>file:/C:/Users/LENOVO/MPLABXProjects/CAR_BLACK_BOX_PROJECT.X/nbproject/Makefile-impl.mk</file>
            <file>file:/C:/Users/LENOVO/MPLABXProjects/CAR_BLACK_BOX_PROJECT.X/clcd.c</file>
            <file>file:/C:/Users/LENOVO/MPLABXProjects/CAR_BLACK_BOX_PROJECT.X/adc.h</file>
            <file>file:/C:/Users/LENOVO/MPLABXProjects/CAR_BLACK_BOX_PROJECT.X/eeprom.c</file>
            <file>file:/C:/Users/LENOVO/MPLABXProjects/CAR_BLACK_BOX_PROJECT.X/uart.h</file>
            <file>file:/C:/Users/LENOVO/MPLABXProjects/CAR_BLACK_BOX_PROJECT.X/clcd.h</file>
            <file>file:/C:/Users/LENOVO/MPLABXProjects/CAR_BLACK_BOX_PROJECT.X/main.c</file>
            <file>file:/C:/Users/LENOVO/MPLABXProjects/CAR_BLACK_BOX_PROJECT.X/timer0.h</file>
            <file>file:/C:/Users/LENOVO/MPLABXProjects/CAR_BLACK_BOX_PROJECT.X/matrix_keypad.h</file>
            <file>file:/C:/Users/LENOVO/MPLABXProjects/CAR_BLACK_BOX_PROJECT.X/nbproject/Makefile-default.mk</file>
        </group>
    </open-files>
</project-private>
